year,movie,best_picture,best_picture_won,best_animated_feature,best_animated_feature_won,best_foreign,best_foreign_won,best_doc,best_doc_won,best_doc_short,best_doc_short_won,best_live_short,best_live_short_won,best_animated_short,best_animated_short_won
2015,"Birdman or (The Unexpected Virtue of Ignorance) – Alejandro G. Iñárritu, John Lesher, and James W. Skotchdopoledouble-dagger",1,1,,,,,,,,,,,,
2015,"American Sniper – Clint Eastwood, Robert Lorenz, Andrew Lazar, Bradley Cooper, and Peter Morgan",1,0,,,,,,,,,,,,
2015,Boyhood – Richard Linklater and Cathleen Sutherland,1,0,,,,,,,,,,,,
2015,"The Grand Budapest Hotel – Wes Anderson, Scott Rudin, Steven Rales and Jeremy Dawson",1,0,,,,,,,,,,,,
2015,"The Imitation Game – Nora Grossman, Ido Ostrowsky, and Teddy Schwarzman",1,0,,,,,,,,,,,,
2015,"Selma – Christian Colson, Oprah Winfrey, Dede Gardner, and Jeremy Kleiner",1,0,,,,,,,,,,,,
2015,"The Theory of Everything – Tim Bevan, Eric Fellner, Lisa Bruce, and Anthony McCarten",1,0,,,,,,,,,,,,
2015,"Whiplash – Jason Blum, Helen Estabrook, and David Lancaster",1,0,,,,,,,,,,,,
2015,"Big Hero 6 – Don Hall, Chris Williams, and Roy Conlidouble-dagger",0,0,1,1,,,,,,,,,,
2015,"The Boxtrolls – Anthony Stacchi, Graham Annable, and Travis Knight",0,0,1,0,,,,,,,,,,
2015,How to Train Your Dragon 2 – Dean DeBlois and Bonnie Arnold,0,0,1,0,,,,,,,,,,
2015,Song of the Sea – Tomm Moore and Paul Young,0,0,1,0,,,,,,,,,,
2015,The Tale of the Princess Kaguya – Isao Takahata and Yoshiaki Nishimura,0,0,1,0,,,,,,,,,,
2015,Ida (Poland) in Polish – Directed by Paweł Pawlikowskidouble-dagger,0,0,,,1,1,,,,,,,,
2015,Leviathan (Russia) in Russian – Directed by Andrey Zvyagintsev,0,0,,,1,0,,,,,,,,
2015,Tangerines (Estonia) in Estonian and Russian – Directed by Zaza Urushadze,0,0,,,1,0,,,,,,,,
2015,Timbuktu (Mauritania) in French  – Directed by Abderrahmane Sissako,0,0,,,1,0,,,,,,,,
2015,Wild Tales (Argentina) in Spanish  – Directed by Damián Szifron,0,0,,,1,0,,,,,,,,
2015,"Citizenfour – Laura Poitras, Mathilde Bonnefoy, and Dirk Wilutzkydouble-dagger",0,0,,,,,1,1,,,,,,
2015,Finding Vivian Maier – John Maloof and Charlie Siskel,0,0,,,,,1,0,,,,,,
2015,Last Days in Vietnam – Rory Kennedy and Keven McAlester,0,0,,,,,1,0,,,,,,
2015,"The Salt of the Earth – Wim Wenders, Juliano Ribeiro Salgado and David Rosier",0,0,,,,,1,0,,,,,,
2015,Virunga – Orlando von Einsiedel and Joanna Natasegara,0,0,,,,,1,0,,,,,,
2015,Crisis Hotline: Veterans Press 1 – Ellen Goosenberg Kent and Dana Perrydouble-dagger,0,0,,,,,,,1,1,,,,
2015,Joanna – Aneta Kopacz,0,0,,,,,,,1,0,,,,
2015,Our Curse – Tomasz Śliwiński and Maciej Ślesicki,0,0,,,,,,,1,0,,,,
2015,The Reaper – Gabriel Serra Arguello,0,0,,,,,,,1,0,,,,
2015,White Earth – J. Christian Jensen,0,0,,,,,,,1,0,,,,
2015,The Phone Call – Mat Kirkby and James Lucasdouble-dagger,0,0,,,,,,,,,1,1,,
2015,Aya – Oded Binnun and Mihal Brezis,0,0,,,,,,,,,1,0,,
2015,Boogaloo and Graham – Michael Lennox and Ronan Blaney,0,0,,,,,,,,,1,0,,
2015,Butter Lamp – Hu Wei and Julien Féret,0,0,,,,,,,,,1,0,,
2015,Parvaneh – Talkhon Hamzavi and Stefan Eichenberger,0,0,,,,,,,,,1,0,,
2015,Feast – Patrick Osborne and Kristina Reeddouble-dagger,0,0,,,,,,,,,,,1,1
2015,The Bigger Picture – Daisy Jacobs and Christopher Hees,0,0,,,,,,,,,,,1,0
2015,The Dam Keeper – Robert Kondo and Daisuke Tsutsumi,0,0,,,,,,,,,,,1,0
2015,Me and My Moulton – Torill Kove,0,0,,,,,,,,,,,1,0
2015,A Single Life – Joris Oprins,0,0,,,,,,,,,,,1,0
2016,"Spotlight – Michael Sugar, Steve Golin, Nicole Rocklin and Blye Pagon Faustdouble-dagger",1,1,,,,,,,,,,,,
2016,"The Big Short – Brad Pitt, Dede Gardner and Jeremy Kleiner",1,0,,,,,,,,,,,,
2016,"Bridge of Spies – Steven Spielberg, Marc Platt and Kristie Macosko Krieger",1,0,,,,,,,,,,,,
2016,Brooklyn – Finola Dwyer and Amanda Posey,1,0,,,,,,,,,,,,
2016,Mad Max: Fury Road – Doug Mitchell and George Miller,1,0,,,,,,,,,,,,
2016,"The Martian – Simon Kinberg, Ridley Scott, Michael Schaefer and Mark Huffam",1,0,,,,,,,,,,,,
2016,"The Revenant  – Arnon Milchan, Steve Golin, Alejandro G. Iñárritu, Mary Parent and Keith Redmon",1,0,,,,,,,,,,,,
2016,Room – Ed Guiney,1,0,,,,,,,,,,,,
2016,Inside Out – Pete Docter and Jonas Riveradouble-dagger,,,1,1,,,,,,,,,,
2016,"Anomalisa – Charlie Kaufman, Duke Johnson and Rosa Tran",,,1,0,,,,,,,,,,
2016,Boy and the World – Alê Abreu,,,1,0,,,,,,,,,,
2016,Shaun the Sheep Movie – Mark Burton and Richard Starzak,,,1,0,,,,,,,,,,
2016,When Marnie Was There – Hiromasa Yonebayashi and Yoshiaki Nishimura,,,1,0,,,,,,,,,,
2016,Son of Saul (Hungary) in Hungarian – Directed by László Nemesdouble-dagger,,,,,1,1,,,,,,,,
2016,Embrace of the Serpent (Colombia) in Spanish – Directed by Ciro Guerra,,,,,1,0,,,,,,,,
2016,Mustang (France) in Turkish – Directed by Deniz Gamze Ergüven,,,,,1,0,,,,,,,,
2016,Theeb (Jordan) in Arabic – Directed by Naji Abu Nowar,,,,,1,0,,,,,,,,
2016,A War (Denmark) in Danish – Directed by Tobias Lindholm,,,,,1,0,,,,,,,,
2016,Amy – Asif Kapadia and James Gay-Reesdouble-dagger,,,,,,,1,1,,,,,,
2016,Cartel Land – Matthew Heineman and Tom Yellin,,,,,,,1,0,,,,,,
2016,The Look of Silence – Joshua Oppenheimer and Signe Byrge Sørensen,,,,,,,1,0,,,,,,
2016,"What Happened, Miss Simone? – Liz Garbus, Amy Hobby and Justin Wilkes",,,,,,,1,0,,,,,,
2016,Winter on Fire: Ukraine's Fight for Freedom – Evgeny Afineevsky and Den Tolmor,,,,,,,1,0,,,,,,
2016,A Girl in the River: The Price of Forgiveness – Sharmeen Obaid-Chinoydouble-dagger,,,,,,,,,1,1,,,,
2016,Body Team 12 – David Darg and Bryn Mooser,,,,,,,,,1,0,,,,
2016,"Chau, Beyond the Lines – Courtney Marsh and Jerry Franck",,,,,,,,,1,0,,,,
2016,Claude Lanzmann: Spectres of the Shoah – Adam Benzine,,,,,,,,,1,0,,,,
2016,Last Day of Freedom – Dee Hibbert-Jones and Nomi Talisman,,,,,,,,,1,0,,,,
2016,Stutterer – Benjamin Cleary and Serena Armitagedouble-dagger,,,,,,,,,,,1,1,,
2016,Ave Maria – Eric Dupont and Basil Khalil,,,,,,,,,,,1,0,,
2016,Day One – Henry Hughes,,,,,,,,,,,1,0,,
2016,Everything Will Be Okay – Patrick Vollrath,,,,,,,,,,,1,0,,
2016,Shok – Jamie Donoughue,,,,,,,,,,,1,0,,
2016,Bear Story – Pato Escala and Gabriel Osoriodouble-dagger,,,,,,,,,,,,,1,1
2016,Prologue – Imogen Sutton and Richard Williams,,,,,,,,,,,,,1,0
2016,Sanjay's Super Team – Nicole Grindle and Sanjay Patel,,,,,,,,,,,,,1,0
2016,We Can't Live Without Cosmos – Konstantin Bronzit,,,,,,,,,,,,,1,0
2016,World of Tomorrow – Don Hertzfeldt,,,,,,,,,,,,,1,0
2017,"Moonlight – Adele Romanski, Dede Gardner and Jeremy Kleinerdouble-dagger",1,1,,,,,,,,,,,,
2017,"Arrival – Shawn Levy, Dan Levine, Aaron Ryder and David Linde",1,0,,,,,,,,,,,,
2017,"Fences – Scott Rudin, Denzel Washington and Todd Black",1,0,,,,,,,,,,,,
2017,Hacksaw Ridge – Bill Mechanic and David Permut,1,0,,,,,,,,,,,,
2017,Hell or High Water – Carla Hacken and Julie Yorn,1,0,,,,,,,,,,,,
2017,"Hidden Figures – Donna Gigliotti, Peter Chernin, Jenno Topping, Pharrell Williams and Theodore Melfi",1,0,,,,,,,,,,,,
2017,"La La Land – Fred Berger, Jordan Horowitz and Marc Platt",1,0,,,,,,,,,,,,
2017,"Lion – Emile Sherman, Iain Canning and Angie Fielder",1,0,,,,,,,,,,,,
2017,"Manchester by the Sea – Matt Damon, Kimberly Steward, Chris Moore, Lauren Beck and Kevin J. Walsh",1,0,,,,,,,,,,,,
2017,"Zootopia – Byron Howard, Rich Moore and Clark Spencerdouble-dagger",,,1,1,,,,,,,,,,
2017,Kubo and the Two Strings – Travis Knight and Arianne Sutner,,,1,0,,,,,,,,,,
2017,"Moana – John Musker, Ron Clements and Osnat Shurer",,,1,0,,,,,,,,,,
2017,My Life as a Zucchini – Claude Barras and Max Karli,,,1,0,,,,,,,,,,
2017,The Red Turtle – Michaël Dudok de Wit and Toshio Suzuki,,,1,0,,,,,,,,,,
2017,The Salesman (Iran) in Persian – Directed by Asghar Farhadidouble-dagger,,,,,1,1,,,,,,,,
2017,Land of Mine (Denmark) in Danish – Directed by Martin Zandvliet,,,,,1,0,,,,,,,,
2017,A Man Called Ove (Sweden) in Swedish – Directed by Hannes Holm,,,,,1,0,,,,,,,,
2017,Tanna (Australia) in Nauvhal – Directed by Martin Butler and Bentley Dean,,,,,1,0,,,,,,,,
2017,Toni Erdmann (Germany) in German – Directed by Maren Ade,,,,,1,0,,,,,,,,
2017,O.J.: Made in America – Ezra Edelman and Caroline Waterlowdouble-dagger,,,,,,,1,1,,,,,,
2017,"13th – Ava DuVernay, Spencer Averick and Howard Barish",,,,,,,1,0,,,,,,
2017,Fire at Sea – Gianfranco Rosi and Donatella Palermo,,,,,,,1,0,,,,,,
2017,"I Am Not Your Negro – Raoul Peck, Rémi Grellety and Hébert Peck",,,,,,,1,0,,,,,,
2017,"Life, Animated – Roger Ross Williams and Julie Goldman",,,,,,,1,0,,,,,,
2017,The White Helmets – Orlando von Einsiedel and Joanna Natasegaradouble-dagger,,,,,,,,,1,1,,,,
2017,4.1 Miles – Daphne Matziaraki,,,,,,,,,1,0,,,,
2017,Extremis – Dan Krauss,,,,,,,,,1,0,,,,
2017,Joe's Violin – Kahane Cooperman and Raphaela Neihausen,,,,,,,,,1,0,,,,
2017,Watani: My Homeland – Marcel Mettelsiefen and Stephen Ellis,,,,,,,,,1,0,,,,
2017,Sing – Kristóf Deák and Anna Udvardydouble-dagger,,,,,,,,,,,1,1,,
2017,Ennemis intérieurs – Sélim Azzazi,,,,,,,,,,,1,0,,
2017,La femme et le TGV – Timo von Gunten and Giacun Caduff,,,,,,,,,,,1,0,,
2017,Silent Nights – Aske Bang and Kim Magnusson,,,,,,,,,,,1,0,,
2017,Timecode – Juanjo Giménez,,,,,,,,,,,1,0,,
2017,Piper – Alan Barillaro and Marc Sondheimerdouble-dagger,,,,,,,,,,,,,1,1
2017,Blind Vaysha – Theodore Ushev,,,,,,,,,,,,,1,0
2017,Borrowed Time – Andrew Coats and Lou Hamou-Lhadj,,,,,,,,,,,,,1,0
2017,Pear Cider and Cigarettes – Robert Valley and Cara Speller,,,,,,,,,,,,,1,0
2017,Pearl – Patrick Osborne,,,,,,,,,,,,,1,0
2018,The Shape of Water – Guillermo del Toro and J. Miles Daledouble-dagger,1,1,,,,,,,,,,,,
2018,"Call Me by Your Name – Peter Spears, Luca Guadagnino, Émilie Georges and Marco Morabito",1,0,,,,,,,,,,,,
2018,"Darkest Hour – Tim Bevan, Eric Fellner, Lisa Bruce, Anthony McCarten and Douglas Urbanski",1,0,,,,,,,,,,,,
2018,Dunkirk – Emma Thomas and Christopher Nolan,1,0,,,,,,,,,,,,
2018,"Get Out – Sean McKittrick, Jason Blum, Edward H. Hamm Jr. and Jordan Peele",1,0,,,,,,,,,,,,
2018,"Lady Bird – Scott Rudin, Eli Bush and Evelyn O'Neill",1,0,,,,,,,,,,,,
2018,"Phantom Thread – JoAnne Sellar, Paul Thomas Anderson, Megan Ellison and Daniel Lupi",1,0,,,,,,,,,,,,
2018,"The Post – Amy Pascal, Steven Spielberg and Kristie Macosko Krieger",1,0,,,,,,,,,,,,
2018,"Three Billboards Outside Ebbing, Missouri – Graham Broadbent, Pete Czernin and Martin McDonagh",1,0,,,,,,,,,,,,
2018,Coco – Lee Unkrich and Darla K. Andersondouble-dagger,,,1,1,,,,,,,,,,
2018,The Boss Baby – Tom McGrath and Ramsey Ann Naito,,,1,0,,,,,,,,,,
2018,The Breadwinner – Nora Twomey and Anthony Leo,,,1,0,,,,,,,,,,
2018,Ferdinand – Carlos Saldanha and Lori Forte,,,1,0,,,,,,,,,,
2018,"Loving Vincent – Dorota Kobiela, Hugh Welchman and Ivan Mactaggart",,,1,0,,,,,,,,,,
2018,A Fantastic Woman (Chile) in Spanish – Directed by Sebastián Leliodouble-dagger,,,,,1,1,,,,,,,,
2018,The Insult (Lebanon) in Arabic – Directed by Ziad Doueiri,,,,,1,0,,,,,,,,
2018,Loveless (Russia) in Russian – Directed by Andrey Zvyagintsev,,,,,1,0,,,,,,,,
2018,On Body and Soul (Hungary) in Hungarian – Directed by Ildikó Enyedi,,,,,1,0,,,,,,,,
2018,The Square (Sweden) in Swedish – Directed by Ruben Östlund,,,,,1,0,,,,,,,,
2018,Icarus – Bryan Fogel and Dan Cogandouble-dagger,,,,,,,1,1,,,,,,
2018,"Abacus: Small Enough to Jail – Steve James, Mark Mitten and Julie Goldman",,,,,,,1,0,,,,,,
2018,"Faces Places – Agnès Varda, JR and Rosalie Varda",,,,,,,1,0,,,,,,
2018,"Last Men in Aleppo – Feras Fayyad, Kareem Abeed and Søren Steen Jespersen",,,,,,,1,0,,,,,,
2018,Strong Island – Yance Ford and Joslyn Barnes,,,,,,,1,0,,,,,,
2018,Heaven Is a Traffic Jam on the 405 – Frank Stiefeldouble-dagger,,,,,,,,,1,1,,,,
2018,Edith+Eddie – Laura Checkoway and Thomas Lee Wright,,,,,,,,,1,0,,,,
2018,Heroin(e) – Elaine McMillion Sheldon and Kerrin Sheldon,,,,,,,,,1,0,,,,
2018,Knife Skills – Thomas Lennon,,,,,,,,,1,0,,,,
2018,Traffic Stop – Kate Davis and David Heilbroner,,,,,,,,,1,0,,,,
2018,The Silent Child – Chris Overton and Rachel Shentondouble-dagger,,,,,,,,,,,1,1,,
2018,DeKalb Elementary – Reed Van Dyk,,,,,,,,,,,1,0,,
2018,The Eleven O'Clock – Derin Seale and Josh Lawson,,,,,,,,,,,1,0,,
2018,My Nephew Emmett – Kevin Wilson Jr.,,,,,,,,,,,1,0,,
2018,Watu Wote/All of Us – Katja Benrath and Tobias Rosen,,,,,,,,,,,1,0,,
2018,Dear Basketball – Glen Keane and Kobe Bryantdouble-dagger,,,,,,,,,,,,,1,1
2018,Garden Party – Victor Caire and Gabriel Grapperon,,,,,,,,,,,,,1,0
2018,Lou – Dave Mullins and Dana Murray,,,,,,,,,,,,,1,0
2018,Negative Space – Max Porter and Ru Kuwahata,,,,,,,,,,,,,1,0
2018,Revolting Rhymes – Jakob Schuh and Jan Lachauer,,,,,,,,,,,,,1,0
2019,"Green Book – Jim Burke, Charles B. Wessler, Brian Currie, Peter Farrelly and Nick Vallelongadouble-dagger",1,1,,,,,,,,,,,,
2019,Black Panther – Kevin Feige,1,0,,,,,,,,,,,,
2019,"BlacKkKlansman – Sean McKittrick, Jason Blum, Raymond Mansfield, Jordan Peele and Spike Lee",1,0,,,,,,,,,,,,
2019,Bohemian Rhapsody – Graham King,1,0,,,,,,,,,,,,
2019,"The Favourite – Ceci Dempsey, Ed Guiney, Lee Magiday and Yorgos Lanthimos",1,0,,,,,,,,,,,,
2019,Roma – Gabriela Rodríguez and Alfonso Cuarón,1,0,,,,,,,,,,,,
2019,"A Star Is Born – Bill Gerber, Bradley Cooper and Lynette Howell Taylor",1,0,,,,,,,,,,,,
2019,"Vice – Dede Gardner, Jeremy Kleiner, Adam McKay and Kevin Messick",1,0,,,,,,,,,,,,
2019,"Spider-Man: Into the Spider-Verse – Bob Persichetti, Peter Ramsey, Rodney Rothman, Phil Lord and Christopher Millerdouble-dagger",,,1,1,,,,,,,,,,
2019,"Incredibles 2 – Brad Bird, John Walker and Nicole Paradis Grindle",,,1,0,,,,,,,,,,
2019,"Isle of Dogs – Wes Anderson, Scott Rudin, Steven Rales and Jeremy Dawson",,,1,0,,,,,,,,,,
2019,Mirai – Mamoru Hosoda and Yuichiro Saito,,,1,0,,,,,,,,,,
2019,"Ralph Breaks the Internet – Rich Moore, Phil Johnston and Clark Spencer",,,1,0,,,,,,,,,,
2019,Roma (Mexico) in Spanish and Mixtec – Directed by Alfonso Cuaróndouble-dagger,,,,,1,1,,,,,,,,
2019,Capernaum (Lebanon) in Arabic – Directed by Nadine Labaki,,,,,1,0,,,,,,,,
2019,Cold War (Poland) in Polish and French – Directed by Paweł Pawlikowski,,,,,1,0,,,,,,,,
2019,Never Look Away (Germany) in German – Directed by Florian Henckel von Donnersmarck,,,,,1,0,,,,,,,,
2019,Shoplifters (Japan) in Japanese – Directed by Hirokazu Kore-eda,,,,,1,0,,,,,,,,
2019,"Free Solo – Elizabeth Chai Vasarhelyi, Jimmy Chin, Evan Hayes and Shannon Dilldouble-dagger",,,,,,,1,1,,,,,,
2019,"Hale County This Morning, This Evening – RaMell Ross, Joslyn Barnes and Su Kim",,,,,,,1,0,,,,,,
2019,Minding the Gap – Bing Liu and Diane Quon,,,,,,,1,0,,,,,,
2019,"Of Fathers and Sons – Talal Derki, Ansgar Frerich, Eva Kemme and Tobias N. Siebert",,,,,,,1,0,,,,,,
2019,RBG – Betsy West and Julie Cohen,,,,,,,1,0,,,,,,
2019,Period. End of Sentence. – Rayka Zehtabchi and Melissa Bertondouble-dagger,,,,,,,,,1,1,,,,
2019,Black Sheep – Ed Perkins and Jonathan Chinn,,,,,,,,,1,0,,,,
2019,End Game – Rob Epstein and Jeffrey Friedman,,,,,,,,,1,0,,,,
2019,Lifeboat – Skye Fitzgerald and Bryn Mooser,,,,,,,,,1,0,,,,
2019,A Night at the Garden – Marshall Curry,,,,,,,,,1,0,,,,
2019,Skin – Guy Nattiv and Jaime Ray Newmandouble-dagger,,,,,,,,,,,1,1,,
2019,Detainment – Vincent Lambe and Darren Mahon,,,,,,,,,,,1,0,,
2019,Fauve – Jérémy Comte and Maria Gracia Turgeon,,,,,,,,,,,1,0,,
2019,Marguerite – Marianne Farley and Marie-Hélène Panisset,,,,,,,,,,,1,0,,
2019,Mother – Rodrigo Sorogoyen and María del Puy Alvarado,,,,,,,,,,,1,0,,
2019,Bao – Domee Shi and Becky Neiman-Cobbdouble-dagger,,,,,,,,,,,,,1,1
2019,Animal Behaviour – Alison Snowden and David Fine,,,,,,,,,,,,,1,0
2019,Late Afternoon – Louise Bagnall and Nuria González Blanco,,,,,,,,,,,,,1,0
2019,One Small Step – Andrew Chesworth and Bobby Pontillas,,,,,,,,,,,,,1,0
2019,Weekends – Trevor Jimenez,,,,,,,,,,,,,1,0
2020,"Parasite – Kwak Sin-ae and Bong Joon-ho, producersdouble-dagger",1,1,,,,,,,,,,,,
2020,"Ford v Ferrari – Peter Chernin, Jenno Topping and James Mangold, producers",1,0,,,,,,,,,,,,
2020,"The Irishman – Martin Scorsese, Robert De Niro, Jane Rosenthal and Emma Tillinger Koskoff, producers",1,0,,,,,,,,,,,,
2020,"Jojo Rabbit – Carthew Neal, Taika Waititi and Chelsea Winstanley, producers",1,0,,,,,,,,,,,,
2020,"Joker – Todd Phillips, Bradley Cooper and Emma Tillinger Koskoff, producers",1,0,,,,,,,,,,,,
2020,"Little Women – Amy Pascal, producer",1,0,,,,,,,,,,,,
2020,"Marriage Story – Noah Baumbach and David Heyman, producers",1,0,,,,,,,,,,,,
2020,"1917 – Sam Mendes, Pippa Harris, Jayne-Ann Tenggren and Callum McDougall, producers",1,0,,,,,,,,,,,,
2020,"Once Upon a Time in Hollywood – David Heyman, Shannon McIntosh and Quentin Tarantino, producers",1,0,,,,,,,,,,,,
2020,"Toy Story 4 – Josh Cooley, Jonas Rivera and Mark Nielsendouble-dagger",,,1,1,,,,,,,,,,
2020,"How to Train Your Dragon: The Hidden World – Dean DeBlois, Bonnie Arnold and Bradford Lewis",,,1,0,,,,,,,,,,
2020,I Lost My Body – Jérémy Clapin and Marc du Pontavice,,,1,0,,,,,,,,,,
2020,"Klaus – Sergio Pablos, Jinko Gotoh and Marisa Román",,,1,0,,,,,,,,,,
2020,"Missing Link – Chris Butler, Arianne Sutner and Travis Knight",,,1,0,,,,,,,,,,
2020,Parasite (South Korea) in Korean – directed by Bong Joon-hodouble-dagger,,,,,1,1,,,,,,,,
2020,Corpus Christi (Poland) in Polish – directed by Jan Komasa,,,,,1,0,,,,,,,,
2020,Honeyland (North Macedonia) in Turkish and Macedonian[32] – directed by Tamara Kotevska and Ljubomir Stefanov,,,,,1,0,,,,,,,,
2020,Les Misérables (France) in French – directed by Ladj Ly,,,,,1,0,,,,,,,,
2020,Pain and Glory (Spain) in Spanish – directed by Pedro Almodóvar,,,,,1,0,,,,,,,,
2020,"American Factory – Steven Bognar, Julia Reichert and Jeff Reichertdouble-dagger",,,,,,,1,1,,,,,,
2020,"The Cave – Feras Fayyad, Kirstine Barfod and Sigrid Dyekjær",,,,,,,1,0,,,,,,
2020,"The Edge of Democracy – Petra Costa, Joanna Natasegara, Shane Boris and Tiago Pavan",,,,,,,1,0,,,,,,
2020,For Sama – Waad Al-Kateab and Edward Watts,,,,,,,1,0,,,,,,
2020,"Honeyland – Ljubomir Stefanov, Tamara Kotevska and Atanas Georgiev",,,,,,,1,0,,,,,,
2020,Learning to Skateboard in a Warzone (If You're a Girl) – Carol Dysinger and Elena Andreichevadouble-dagger,,,,,,,,,1,1,,,,
2020,In the Absence – Yi Seung-Jun and Gary Byung-Seok Kam,,,,,,,,,1,0,,,,
2020,Life Overtakes Me – John Haptas and Kristine Samuelson,,,,,,,,,1,0,,,,
2020,St. Louis Superman – Smriti Mundhra and Sami Khan,,,,,,,,,1,0,,,,
2020,Walk Run Cha-Cha – Laura Nix and Colette Sandstedt,,,,,,,,,1,0,,,,
2020,The Neighbors' Window – Marshall Currydouble-dagger,,,,,,,,,,,1,1,,
2020,Brotherhood – Meryam Joobeur and Maria Gracia Turgeon,,,,,,,,,,,1,0,,
2020,Nefta Football Club – Yves Piat and Damien Megherbi,,,,,,,,,,,1,0,,
2020,Saria – Bryan Buckley and Matt Lefebvre,,,,,,,,,,,1,0,,
2020,A Sister – Delphine Girard,,,,,,,,,,,1,0,,
2020,Hair Love – Matthew A. Cherry and Karen Rupert Toliverdouble-dagger,,,,,,,,,,,,,1,1
2020,Dcera (Daughter) – Daria Kashcheeva,,,,,,,,,,,,,1,0
2020,Kitbull – Rosana Sullivan and Kathryn Hendrickson,,,,,,,,,,,,,1,0
2020,Mémorable – Bruno Collet and Jean-François Le Corre,,,,,,,,,,,,,1,0
2020,Sister – Siqi Song,,,,,,,,,,,,,1,0
2014,"12 Years a Slave – Brad Pitt, Dede Gardner, Jeremy Kleiner, Steve McQueen, and Anthony Katagas, producersdouble-dagger",1,1,,,,,,,,,,,,
2014,"American Hustle – Charles Roven, Richard Suckle, Megan Ellison, and Jonathan Gordon, producers",1,0,,,,,,,,,,,,
2014,"Captain Phillips – Scott Rudin, Dana Brunetti, and Michael De Luca, producers",1,0,,,,,,,,,,,,
2014,"Dallas Buyers Club – Robbie Brenner and Rachel Winter, producers",1,0,,,,,,,,,,,,
2014,"Gravity – Alfonso Cuarón and David Heyman, producers",1,0,,,,,,,,,,,,
2014,"Her – Megan Ellison, Spike Jonze and Vincent Landay, producers",1,0,,,,,,,,,,,,
2014,"Nebraska – Albert Berger and Ron Yerxa, producers",1,0,,,,,,,,,,,,
2014,"Philomena – Gabrielle Tana, Steve Coogan, and Tracey Seaward, producers",1,0,,,,,,,,,,,,
2014,"The Wolf of Wall Street – Martin Scorsese, Leonardo DiCaprio, Joey McFarland, and Emma Tillinger Koskoff, producers",1,0,,,,,,,,,,,,
2014,"Frozen – Chris Buck, Jennifer Lee, and Peter Del Vechodouble-dagger",,,1,1,,,,,,,,,,
2014,"The Croods – Chris Sanders, Kirk DeMicco, and Kristine Belson",,,1,0,,,,,,,,,,
2014,"Despicable Me 2 – Chris Renaud, Pierre Coffin, and Chris Meledandri",,,1,0,,,,,,,,,,
2014,Ernest & Celestine – Benjamin Renner and Didier Brunner,,,1,0,,,,,,,,,,
2014,The Wind Rises – Hayao Miyazaki and Toshio Suzuki,,,1,0,,,,,,,,,,
2014,The Great Beauty (Italy) in Italian – Directed by Paolo Sorrentinodouble-dagger,,,,,1,1,,,,,,,,
2014,The Broken Circle Breakdown (Belgium) in Dutch – Directed by Felix Van Groeningen,,,,,1,0,,,,,,,,
2014,The Hunt (Denmark) in Danish – Directed by Thomas Vinterberg,,,,,1,0,,,,,,,,
2014,The Missing Picture (Cambodia) in French – Directed by Rithy Panh,,,,,1,0,,,,,,,,
2014,Omar (Palestine) in Arabic – Directed by Hany Abu-Assad,,,,,1,0,,,,,,,,
2014,"20 Feet from Stardom – Morgan Neville, Caitrin Rogers, and Gil Friesen (posthumous award)double-dagger",,,,,,,1,1,,,,,,
2014,The Act of Killing – Joshua Oppenheimer and Signe Byrge Sørensen,,,,,,,1,0,,,,,,
2014,Cutie and the Boxer – Zachary Heinzerling and Lydia Dean Pilcher,,,,,,,1,0,,,,,,
2014,Dirty Wars – Richard Rowley and Jeremy Scahill,,,,,,,1,0,,,,,,
2014,The Square – Jehane Noujaim and Karim Amer,,,,,,,1,0,,,,,,
2014,The Lady in Number 6: Music Saved My Life – Malcolm Clarke and Nicholas Reeddouble-dagger,,,,,,,,,1,1,,,,
2014,CaveDigger – Jeffrey Karoff,,,,,,,,,1,0,,,,
2014,Facing Fear – Jason Cohen,,,,,,,,,1,0,,,,
2014,Karama Has No Walls – Sara Ishaq,,,,,,,,,1,0,,,,
2014,Prison Terminal: The Last Days of Private Jack Hall – Edgar Barens,,,,,,,,,1,0,,,,
2014,Helium – Anders Walter and Kim Magnussondouble-dagger,,,,,,,,,,,1,1,,
2014,Aquél no era yo (That Wasn't Me) – Esteban Crespo,,,,,,,,,,,1,0,,
2014,Avant que de tout perdre (Just Before Losing Everything) – Xavier Legrand and Alexandre Gavras,,,,,,,,,,,1,0,,
2014,Pitääkö mun kaikki hoitaa? (Do I Have to Take Care of Everything?) – Selma Vilhunen and Kirsikka Saari,,,,,,,,,,,1,0,,
2014,The Voorman Problem – Mark Gill and Baldwin Li,,,,,,,,,,,1,0,,
2014,Mr Hublot – Laurent Witz and Alexandre Espigaresdouble-dagger,,,,,,,,,,,,,1,1
2014,Feral – Daniel Sousa and Dan Golden,,,,,,,,,,,,,1,0
2014,Get a Horse! – Lauren MacMullan and Dorothy McKim,,,,,,,,,,,,,1,0
2014,Possessions – Shuhei Morita,,,,,,,,,,,,,1,0
2014,Room on the Broom – Max Lang and Jan Lachauer,,,,,,,,,,,,,1,0
2013,"Argo – Grant Heslov, Ben Affleck and George Clooney, producersdouble-dagger",1,1,,,,,,,,,,,,
2013,"Amour – Margaret Ménégoz, Stefan Arndt, Veit Heiduschka and Michael Katz, producers",1,0,,,,,,,,,,,,
2013,"Beasts of the Southern Wild – Dan Janvey, Josh Penn and Michael Gottwald, producers",1,0,,,,,,,,,,,,
2013,"Django Unchained – Stacey Sher, Reginald Hudlin and Pilar Savone, producers",1,0,,,,,,,,,,,,
2013,"Les Misérables – Tim Bevan, Eric Fellner, Debra Hayward and Cameron Mackintosh, producers",1,0,,,,,,,,,,,,
2013,"Life of Pi – Gil Netter, Ang Lee and David Womark, producers",1,0,,,,,,,,,,,,
2013,"Lincoln – Steven Spielberg and Kathleen Kennedy, producers",1,0,,,,,,,,,,,,
2013,"Silver Linings Playbook – Donna Gigliotti, Bruce Cohen and Jonathan Gordon, producers",1,0,,,,,,,,,,,,
2013,"Zero Dark Thirty – Mark Boal, Kathryn Bigelow and Megan Ellison, producers",1,0,,,,,,,,,,,,
2013,Brave – Directed by Mark Andrews and Brenda Chapmandouble-dagger,,,1,1,,,,,,,,,,
2013,Frankenweenie – Directed by Tim Burton,,,1,0,,,,,,,,,,
2013,ParaNorman – Directed by Sam Fell and Chris Butler,,,1,0,,,,,,,,,,
2013,The Pirates! Band of Misfits – Directed by Peter Lord,,,1,0,,,,,,,,,,
2013,Wreck-It Ralph – Directed by Rich Moore,,,1,0,,,,,,,,,,
2013,Amour (Austria) in French – Directed by Michael Hanekedouble-dagger,,,,,1,1,,,,,,,,
2013,Kon-Tiki (Norway) in English and Norwegian – Directed by Joachim Rønning and Espen Sandberg,,,,,1,0,,,,,,,,
2013,No (Chile) in Spanish – Directed by Pablo Larraín,,,,,1,0,,,,,,,,
2013,A Royal Affair (Denmark) in Danish – Directed by Nikolaj Arcel,,,,,1,0,,,,,,,,
2013,War Witch (Canada) in French – Directed by Kim Nguyen,,,,,1,0,,,,,,,,
2013,Searching for Sugar Man – Malik Bendjelloul and Simon Chinndouble-dagger,,,,,,,1,1,,,,,,
2013,5 Broken Cameras – Emad Burnat and Guy Davidi,,,,,,,1,0,,,,,,
2013,"The Gatekeepers – Dror Moreh, Philippa Kowarsky and Estelle Fialon",,,,,,,1,0,,,,,,
2013,How to Survive a Plague – David France and Howard Gertler,,,,,,,1,0,,,,,,
2013,The Invisible War – Kirby Dick and Amy Ziering,,,,,,,1,0,,,,,,
2013,Inocente – Sean Fine and Andrea Nix Finedouble-dagger,,,,,,,,,1,1,,,,
2013,Kings Point – Sari Gilman and Jedd Wider,,,,,,,,,1,0,,,,
2013,Mondays at Racine – Cynthia Wade and Robin Honan,,,,,,,,,1,0,,,,
2013,Open Heart – Kief Davidson and Cori Shepherd Stern,,,,,,,,,1,0,,,,
2013,Redemption – Jon Alpert and Matthew O'Neill,,,,,,,,,1,0,,,,
2013,Curfew – Shawn Christensendouble-dagger,,,,,,,,,,,1,1,,
2013,Asad – Bryan Buckley and Mino Jarjoura,,,,,,,,,,,1,0,,
2013,Buzkashi Boys – Sam French and Ariel Nasr,,,,,,,,,,,1,0,,
2013,Death of a Shadow (Dood Van Een Schaduw) – Tom Van Avermaet and Ellen De Waele,,,,,,,,,,,1,0,,
2013,Henry – Yan England,,,,,,,,,,,1,0,,
2013,Paperman – John Kahrsdouble-dagger,,,,,,,,,,,,,1,1
2013,Adam and Dog – Minkyu Lee,,,,,,,,,,,,,1,0
2013,Fresh Guacamole – PES,,,,,,,,,,,,,1,0
2013,Head over Heels – Timothy Reckart and Fodhla Cronin O'Reilly,,,,,,,,,,,,,1,0
2013,The Longest Daycare – David Silverman,,,,,,,,,,,,,1,0
2012,"The Artist – Thomas Langmann, producerdouble-dagger",1,1,,,,,,,,,,,,
2012,"The Descendants – Jim Burke, Jim Taylor, and Alexander Payne, producers",1,0,,,,,,,,,,,,
2012,"Extremely Loud & Incredibly Close – Scott Rudin, producer",1,0,,,,,,,,,,,,
2012,"The Help – Brunson Green, Chris Columbus, and Michael Barnathan, producers",1,0,,,,,,,,,,,,
2012,"Hugo – Graham King and Martin Scorsese, producers",1,0,,,,,,,,,,,,
2012,"Midnight in Paris – Letty Aronson and Stephen Tenenbaum, producers",1,0,,,,,,,,,,,,
2012,"Moneyball – Michael De Luca, Rachael Horovitz, and Brad Pitt, producers",1,0,,,,,,,,,,,,
2012,"The Tree of Life – Dede Gardner, Sarah Green, Grant Hill, and Bill Pohlad, producers",1,0,,,,,,,,,,,,
2012,"War Horse – Steven Spielberg and Kathleen Kennedy, producers",1,0,,,,,,,,,,,,
2012,Rango – Directed by Gore Verbinskidouble-dagger,,,1,1,,,,,,,,,,
2012,A Cat in Paris – Directed by Alain Gagnol and Jean-Loup Felicioli,,,1,0,,,,,,,,,,
2012,Chico and Rita – Directed by Fernando Trueba and Javier Mariscal,,,1,0,,,,,,,,,,
2012,Kung Fu Panda 2 – Directed by Jennifer Yuh Nelson,,,1,0,,,,,,,,,,
2012,Puss in Boots – Directed by Chris Miller,,,1,0,,,,,,,,,,
2012,A Separation (Iran) in Persian – Directed by Asghar Farhadidouble-dagger,,,,,1,1,,,,,,,,
2012,Bullhead (Belgium) in Dutch and French – Directed by Michaël R. Roskam,,,,,1,0,,,,,,,,
2012,Footnote (Israel) in Hebrew – Directed by Joseph Cedar,,,,,1,0,,,,,,,,
2012,In Darkness (Poland) in Polish – Directed by Agnieszka Holland,,,,,1,0,,,,,,,,
2012,Monsieur Lazhar (Canada) in French – Directed by Philippe Falardeau,,,,,1,0,,,,,,,,
2012,"Undefeated – T. J. Martin, Daniel Lindsay, and Rich Middlemasdouble-dagger",,,,,,,1,1,,,,,,
2012,Hell and Back Again – Danfung Dennis and Mike Lerner,,,,,,,1,0,,,,,,
2012,If a Tree Falls: A Story of the Earth Liberation Front – Marshall Curry and Sam Cullman,,,,,,,1,0,,,,,,
2012,Paradise Lost 3: Purgatory – Joe Berlinger and Bruce Sinofsky,,,,,,,1,0,,,,,,
2012,Pina – Wim Wenders and Gian-Piero Ringel,,,,,,,1,0,,,,,,
2012,Saving Face – Sharmeen Obaid-Chinoy and Daniel Jungedouble-dagger,,,,,,,,,1,1,,,,
2012,The Barber of Birmingham: Foot Soldier of the Civil Rights Movement – Robin Fryday and Gail Dolgin (posthumous nomination),,,,,,,,,1,0,,,,
2012,God Is the Bigger Elvis – Rebecca Cammisa and Julie Anderson,,,,,,,,,1,0,,,,
2012,Incident in New Baghdad – James Spione,,,,,,,,,1,0,,,,
2012,The Tsunami and the Cherry Blossom – Lucy Walker and Kira Carstensen,,,,,,,,,1,0,,,,
2012,The Shore – Terry George and Oorlagh Georgedouble-dagger,,,,,,,,,,,1,1,,
2012,Pentecost – Peter McDonald and Eimear O'Kane,,,,,,,,,,,1,0,,
2012,Raju – Max Zahle and Stefan Gieren,,,,,,,,,,,1,0,,
2012,Time Freak – Andrew Bowler and Gigi Causey,,,,,,,,,,,1,0,,
2012,The Fantastic Flying Books of Mr. Morris Lessmore – William Joyce and Brandon Oldenburgdouble-dagger,,,,,,,,,,,,,1,1
2012,La Luna – Enrico Casarosa,,,,,,,,,,,,,1,0
2012,A Morning Stroll – Grant Orchard and Sue Goffe,,,,,,,,,,,,,1,0
2012,Sunday (Dimanche) – Patrick Doyon,,,,,,,,,,,,,1,0
2012,Wild Life – Amanda Forbis and Wendy Tilby,,,,,,,,,,,,,1,0
2011,"The King's Speech – Iain Canning, Emile Sherman and Gareth Unwin, producersdouble-dagger",1,1,,,,,,,,,,,,
2011,"127 Hours – Christian Colson, Danny Boyle and John Smithson, producers",1,0,,,,,,,,,,,,
2011,"Black Swan – Mike Medavoy, Brian Oliver and Scott Franklin, producers",1,0,,,,,,,,,,,,
2011,"The Fighter – David Hoberman, Todd Lieberman and Mark Wahlberg, producers",1,0,,,,,,,,,,,,
2011,"Inception – Emma Thomas and Christopher Nolan, producers",1,0,,,,,,,,,,,,
2011,"The Kids Are All Right – Gary Gilbert, Jeffrey Levy-Hinte and Celine Rattray, producers",1,0,,,,,,,,,,,,
2011,"The Social Network – Scott Rudin, Dana Brunetti, Michael De Luca and Ceán Chaffin, producers",1,0,,,,,,,,,,,,
2011,"Toy Story 3 – Darla K. Anderson, producer",1,0,,,,,,,,,,,,
2011,"True Grit – Scott Rudin, Ethan Coen and Joel Coen, producers",1,0,,,,,,,,,,,,
2011,"Winter's Bone – Anne Rosellini and Alix Madigan-Yorkin, producers",1,0,,,,,,,,,,,,
2011,Toy Story 3 – Directed by Lee Unkrichdouble-dagger,,,1,1,,,,,,,,,,
2011,How to Train Your Dragon – Directed by Chris Sanders and Dean DeBlois,,,1,0,,,,,,,,,,
2011,The Illusionist – Directed by Sylvain Chomet,,,1,0,,,,,,,,,,
2011,In a Better World (Denmark) in Danish – Susanne Bierdouble-dagger,,,,,1,1,,,,,,,,
2011,Biutiful (Mexico) in Spanish – Alejandro González Iñárritu,,,,,1,0,,,,,,,,
2011,Dogtooth (Greece) in Greek – Yorgos Lanthimos,,,,,1,0,,,,,,,,
2011,Incendies (Canada) in French – Denis Villeneuve,,,,,1,0,,,,,,,,
2011,Outside the Law (Algeria) in Arabic – Rachid Bouchareb,,,,,1,0,,,,,,,,
2011,Inside Job – Charles H. Ferguson and Audrey Marrsdouble-dagger,,,,,,,1,1,,,,,,
2011,Exit Through the Gift Shop – Banksy and Jaimie D'Cruz,,,,,,,1,0,,,,,,
2011,Gasland – Josh Fox and Trish Adlesic,,,,,,,1,0,,,,,,
2011,Restrepo – Tim Hetherington and Sebastian Junger,,,,,,,1,0,,,,,,
2011,Waste Land – Lucy Walker and Angus Aynsley,,,,,,,1,0,,,,,,
2011,Strangers No More – Karen Goodman and Kirk Simondouble-dagger,,,,,,,,,1,1,,,,
2011,Killing in the Name – Jed Rothstein,,,,,,,,,1,0,,,,
2011,Poster Girl – Sara Nesson and Mitchell W. Block,,,,,,,,,1,0,,,,
2011,Sun Come Up – Jennifer Redfearn and Tim Metzger,,,,,,,,,1,0,,,,
2011,The Warriors of Qiugang – Ruby Yang and Thomas Lennon,,,,,,,,,1,0,,,,
2011,God of Love – Luke Mathenydouble-dagger,,,,,,,,,,,1,1,,
2011,The Confession – Tanel Toom,,,,,,,,,,,1,0,,
2011,The Crush – Michael Creagh,,,,,,,,,,,1,0,,
2011,Na Wewe – Ivan Goldschmidt,,,,,,,,,,,1,0,,
2011,Wish 143 – Ian Barnes and Samantha Waite,,,,,,,,,,,1,0,,
2011,The Lost Thing – Andrew Ruhemann and Shaun Tandouble-dagger,,,,,,,,,,,,,1,1
2011,Day & Night – Teddy Newton,,,,,,,,,,,,,1,0
2011,The Gruffalo – Max Lang and Jakob Schuh,,,,,,,,,,,,,1,0
2011,Let's Pollute – Geefwee Boedoe,,,,,,,,,,,,,1,0
2011,"Madagascar, a Journey Diary – Bastien Dubois",,,,,,,,,,,,,1,0
2010,"The Hurt Locker  – Kathryn Bigelow, Mark Boal, Nicolas Chartier and Greg Shapiro, producersdouble-dagger",1,1,,,,,,,,,,,,
2010,"Avatar  – James Cameron and Jon Landau, producers",1,0,,,,,,,,,,,,
2010,"The Blind Side  – Gil Netter, Andrew A. Kosove and Broderick Johnson, producers",1,0,,,,,,,,,,,,
2010,"District 9  – Peter Jackson and Carolynne Cunningham, producers",1,0,,,,,,,,,,,,
2010,"An Education  – Finola Dwyer and Amanda Posey, producers",1,0,,,,,,,,,,,,
2010,"Inglourious Basterds  – Lawrence Bender, producer",1,0,,,,,,,,,,,,
2010,"Precious: Based on the Novel 'Push' by Sapphire  – Lee Daniels, Sarah Siegel-Magness and Gary Magness, producers",1,0,,,,,,,,,,,,
2010,"A Serious Man  – Joel Coen and Ethan Coen, producers",1,0,,,,,,,,,,,,
2010,"Up  – Jonas Rivera, producer",1,0,,,,,,,,,,,,
2010,"Up in the Air  – Daniel Dubiecki, Ivan Reitman and Jason Reitman, producers",1,0,,,,,,,,,,,,
2010,Up – Directed by Pete Docterdouble-dagger,,,1,1,,,,,,,,,,
2010,Coraline – Directed by Henry Selick,,,1,0,,,,,,,,,,
2010,Fantastic Mr. Fox – Directed by Wes Anderson,,,1,0,,,,,,,,,,
2010,The Princess and the Frog – Directed by Ron Clements and John Musker,,,1,0,,,,,,,,,,
2010,The Secret of Kells – Directed by Tomm Moore,,,1,0,,,,,,,,,,
2010,The Secret in Their Eyes (Argentina) in Spanish – Directed by Juan José Campanelladouble-dagger,,,,,1,1,,,,,,,,
2010,Ajami (Israel) in Arabic and Hebrew – Directed by Scandar Copti and Yaron Shani,,,,,1,0,,,,,,,,
2010,The Milk of Sorrow (Peru) in Spanish and Quechua – Directed by Claudia Llosa,,,,,1,0,,,,,,,,
2010,"A Prophet (France) in French, Corsican and Arabic – Directed by Jacques Audiard",,,,,1,0,,,,,,,,
2010,The White Ribbon (Germany) in German – Directed by Michael Haneke,,,,,1,0,,,,,,,,
2010,The Cove – Louie Psihoyos and Fisher Stevensdouble-dagger,,,,,,,1,1,,,,,,
2010,Burma VJ – Anders Østergaard and Lise Lense-Møller,,,,,,,1,0,,,,,,
2010,"Food, Inc. – Robert Kenner and Elise Pearlstein",,,,,,,1,0,,,,,,
2010,The Most Dangerous Man in America: Daniel Ellsberg and the Pentagon Papers – Judith Ehrlich and Rick Goldsmith,,,,,,,1,0,,,,,,
2010,Which Way Home – Rebecca Cammisa,,,,,,,1,0,,,,,,
2010,Music by Prudence – Roger Ross Williams and Elinor Burkettdouble-dagger,,,,,,,,,1,1,,,,
2010,China's Unnatural Disaster: The Tears of Sichuan Province – Jon Alpert and Matthew O'Neill,,,,,,,,,1,0,,,,
2010,The Last Campaign of Governor Booth Gardner – Daniel Junge and Henry Ansbacher,,,,,,,,,1,0,,,,
2010,The Last Truck: Closing of a GM Plant – Steven Bognar and Julia Reichert,,,,,,,,,1,0,,,,
2010,Rabbit à la Berlin – Bartosz Konopka and Anna Wydra,,,,,,,,,1,0,,,,
2010,The New Tenants – Joachim Back and Tivi Magnussondouble-dagger,,,,,,,,,,,1,1,,
2010,The Door – Juanita Wilson and James Flynn,,,,,,,,,,,1,0,,
2010,Instead of Abracadabra – Patrik Eklund and Mathias Fjellström,,,,,,,,,,,1,0,,
2010,Kavi – Gregg Helvey,,,,,,,,,,,1,0,,
2010,Miracle Fish – Luke Doolan and Drew Bailey,,,,,,,,,,,1,0,,
2010,Logorama – Nicolas Schmerkindouble-dagger,,,,,,,,,,,,,1,1
2010,French Roast – Fabrice O. Joubert,,,,,,,,,,,,,1,0
2010,Granny O'Grimm's Sleeping Beauty – Nicky Phelan and Darragh O'Connell,,,,,,,,,,,,,1,0
2010,The Lady and the Reaper – Javier Recio Gracia,,,,,,,,,,,,,1,0
2010,A Matter of Loaf and Death – Nick Park,,,,,,,,,,,,,1,0
2009,"Slumdog Millionaire – Christian Colson, producerdouble-dagger",1,1,,,,,,,,,,,,
2009,"The Curious Case of Benjamin Button  – Kathleen Kennedy, Frank Marshall and Ceán Chaffin, producers",1,0,,,,,,,,,,,,
2009,"Frost/Nixon – Brian Grazer, Ron Howard and Eric Fellner, producers",1,0,,,,,,,,,,,,
2009,"Milk – Dan Jinks and Bruce Cohen, producers",1,0,,,,,,,,,,,,
2009,"The Reader – Anthony Minghella, Sydney Pollack, Donna Gigliotti and Redmond Morris, producers",1,0,,,,,,,,,,,,
2009,WALL-E – Andrew Stantondouble-dagger,,,1,1,,,,,,,,,,
2009,Bolt – Chris Williams and Byron Howard,,,1,0,,,,,,,,,,
2009,Kung Fu Panda – Mark Osborne and John Stevenson,,,1,0,,,,,,,,,,
2009,Departures (Japan) in Japanese – Yōjirō Takitadouble-dagger,,,,,1,1,,,,,,,,
2009,The Baader Meinhof Complex (Germany) in German – Uli Edel,,,,,1,0,,,,,,,,
2009,The Class (France) in French – Laurent Cantet,,,,,1,0,,,,,,,,
2009,Revanche (Austria) in German – Götz Spielmann,,,,,1,0,,,,,,,,
2009,Waltz with Bashir (Israel) in Hebrew – Ari Folman,,,,,1,0,,,,,,,,
2009,Man on Wire – James Marsh and Simon Chinndouble-dagger,,,,,,,1,1,,,,,,
2009,The Betrayal – Nerakhoon – Ellen Kuras and Thavisouk Phrasavath,,,,,,,1,0,,,,,,
2009,Encounters at the End of the World – Werner Herzog and Henry Kaiser,,,,,,,1,0,,,,,,
2009,The Garden – Scott Hamilton Kennedy,,,,,,,1,0,,,,,,
2009,Trouble the Water – Carl Deal and Tia Lessin,,,,,,,1,0,,,,,,
2009,Smile Pinki – Megan Mylandouble-dagger,,,,,,,,,1,1,,,,
2009,The Conscience of Nhem En – Steven Okazaki,,,,,,,,,1,0,,,,
2009,The Final Inch – Irene Taylor Brodsky and Tom Grant,,,,,,,,,1,0,,,,
2009,The Witness: From the Balcony of Room 306 – Adam Pertovsky and Margaret Hyde,,,,,,,,,1,0,,,,
2009,Toyland (Spielzeugland) — Jochen Alexander Freydankdouble-dagger,,,,,,,,,,,1,1,,
2009,Manon on the Asphalt — Elizabeth Marre and Olivier Pont,,,,,,,,,,,1,0,,
2009,New Boy (Ireland) — Steph Green and Tamara Anghie,,,,,,,,,,,1,0,,
2009,On the Line (Auf der Strecke) — Reto Caffi,,,,,,,,,,,1,0,,
2009,The Pig (Grisen) — Tivi Magnusson and Dorte Høgh,,,,,,,,,,,1,0,,
2009,La Maison en Petits Cubes – Kunio Katōdouble-dagger,,,,,,,,,,,,,1,1
2009,Lavatory – Lovestory – Konstantin Bronzit,,,,,,,,,,,,,1,0
2009,Oktapodi – Emud Mokhberi and Thierry Marchand,,,,,,,,,,,,,1,0
2009,Presto – Doug Sweetland,,,,,,,,,,,,,1,0
2009,This Way Up – Alan Smith and Adam Foulkes,,,,,,,,,,,,,1,0
2008,"No Country for Old Men – Scott Rudin, Ethan Coen and Joel Coen, producersdouble-dagger",1,1,,,,,,,,,,,,
2008,"Atonement – Tim Bevan, Eric Fellner and Paul Webster, producers",1,0,,,,,,,,,,,,
2008,"Juno – Lianne Halfon, Mason Novick and Russell Smith, producers",1,0,,,,,,,,,,,,
2008,"Michael Clayton – Sydney Pollack, Jennifer Fox and Kerry Orent, producers",1,0,,,,,,,,,,,,
2008,"There Will Be Blood – JoAnne Sellar, Paul Thomas Anderson and Daniel Lupi, producers",1,0,,,,,,,,,,,,
2008,Ratatouille – Brad Birddouble-dagger,,,1,1,,,,,,,,,,
2008,Persepolis – Marjane Satrapi and Vincent Paronnaud,,,1,0,,,,,,,,,,
2008,Surf's Up – Ash Brannon and Chris Buck,,,1,0,,,,,,,,,,
2008,The Counterfeiters (Austria) in German – Stefan Ruzowitzkydouble-dagger,,,,,1,1,,,,,,,,
2008,12 (Russia) in Russian – Nikita Mikhalkov,,,,,1,0,,,,,,,,
2008,Beaufort (Israel) in Hebrew – Joseph Cedar,,,,,1,0,,,,,,,,
2008,Katyń (Poland) in Polish – Andrzej Wajda,,,,,1,0,,,,,,,,
2008,Mongol (Kazakhstan) in Russian – Sergei Bodrov,,,,,1,0,,,,,,,,
2008,Taxi to the Dark Side – Alex Gibney and Eva Ornerdouble-dagger,,,,,,,1,1,,,,,,
2008,No End in Sight – Charles H. Ferguson and Audrey Marrs,,,,,,,1,0,,,,,,
2008,Operation Homecoming: Writing the Wartime Experience – Richard E. Robbins,,,,,,,1,0,,,,,,
2008,Sicko – Michael Moore and Meghan O'Hara,,,,,,,1,0,,,,,,
2008,War/Dance – Andrea Nix Fine and Sean Fine,,,,,,,1,0,,,,,,
2008,Freeheld – Cynthia Wade and Vanessa Rothdouble-dagger,,,,,,,,,1,1,,,,
2008,La Corona – Amanda Micheli and Isabel Vega,,,,,,,,,1,0,,,,
2008,Salim Baba – Tim Sternberg and Francisco Bello,,,,,,,,,1,0,,,,
2008,Sari's Mother – James Longley,,,,,,,,,1,0,,,,
2008,Le Mozart des Pickpockets (The Mozart of Pickpockets) – Philippe Pollet-Villarddouble-dagger,,,,,,,,,,,1,1,,
2008,At Night – Christian E. Christiansen and Louise Vesth,,,,,,,,,,,1,0,,
2008,(Il Supplente) The Substitute – Andrea Jublin,,,,,,,,,,,1,0,,
2008,Tanghi Argentini – Guido Thys and Anja Daelemans,,,,,,,,,,,1,0,,
2008,The Tonto Woman – Daniel Barber and Matthew Brown,,,,,,,,,,,1,0,,
2008,Peter & the Wolf – Suzie Templeton and Hugh Welchmandouble-dagger,,,,,,,,,,,,,1,1
2008,Even Pigeons Go to Heaven (Même les pigeons vont au paradis) – Samuel Tourneux and Simon Vanesse,,,,,,,,,,,,,1,0
2008,I Met the Walrus – Josh Raskin,,,,,,,,,,,,,1,0
2008,Madame Tutli-Putli – Chris Lavis and Maciek Szczerbowski,,,,,,,,,,,,,1,0
2008,My Love (Moya Lyubov) – Alexander Petrov,,,,,,,,,,,,,1,0